id,x,y
0,41.884564,-87.634364
1,41.884800,-87.622992
2,41.881741,-87.629196
3,41.878106,-87.633649
4,41.878390,-87.621894