node_id,rate,budget_save,user_num,budget
6,0.4941428720207101,63.30000000000001,30,200
6,0.6083357628817419,67.94999999999996,48,300
6,0.6972992645541132,75.36000000000006,66,400
6,0.7445691788584553,128.92000000000002,75,500
6,0.7366040144520927,194.15999999999997,77,600
6,0.7728145385699534,269.9699999999999,82,700
6,0.7860456879281558,333.31000000000023,86,800
